<project name="SGI" basedir="." default="run">
    <!-- Propiedades del proyecto -->
    <property name="src" value="src"/>
    <property name="build" value="build"/>
    <property name="dist" value="dist"/>
    <property name="main-class" value="Main"/>

    <!-- Tarea para limpiar el directorio de construcción -->
    <target name="clean">
        <delete dir="${build}"/>
        <delete dir="${dist}"/>
    </target>

    <!-- Tarea para compilar el código fuente -->
    <target name="compile">
        <mkdir dir="${build}"/> <!-- Crea el directorio de construcción -->
        <javac srcdir="${src}" destdir="${build}"/> <!-- Compila los archivos Java -->
    </target>

    <!-- Tarea para crear el archivo JAR -->
    <target name="jar" depends="compile">
        <mkdir dir="${dist}"/> <!-- Crea el directorio de distribución -->
        <jar destfile="${dist}/sgi.jar" basedir="${build}"> <!-- Crea el JAR -->
            <manifest>
                <attribute name="Main-Class" value="${main-class}"/> <!-- Define la clase principal -->
            </manifest>
        </jar>
    </target>

    <!-- Tarea para ejecutar la aplicación -->
    <target name="run" depends="jar">
        <java jar="${dist}/crm.jar" fork="true"/> <!-- Ejecuta el JAR -->
    </target>
</project>
